expected|predicted
LEADER_00|HEAD_00
HEAD_00|INTELLIGENCE_00
HEAD_00|HEAD_00
CHIEF_00|HEAD_00
HEAD_00|HEAD_00
HEAD_00|HEAD_00
CHIEF_00|CHIEF_00
LEADER_00|HEAD_00
HEAD_00|CHIEF_00
HEAD_00|LEADER_00
HEAD_00|HEAD_00
CHIEF_00|HEAD_00
CHIEF_00|LEADER_00
LEADER_00|LEADER_00
CHIEF_00|HEAD_00
HEAD_00|HEAD_00
HEAD_00|HEAD_00
LEADER_00|LEADER_00
INTELLIGENCE_00|HEAD_00
INTELLIGENCE_00|HEAD_00
HEAD_00|HEAD_00
CHIEF_00|LEADER_00
CHIEF_00|CHIEF_00
LEADER_00|LEADER_00
CHIEF_00|LEADER_00
HEAD_00|HEAD_00
LEADER_00|LEADER_00
HEAD_00|HEAD_00
HEAD_00|HEAD_00
INTELLIGENCE_00|LEADER_00
HEAD_00|HEAD_00
HEAD_00|HEAD_00
HEAD_00|LEADER_00
HEAD_00|HEAD_00
HEAD_00|HEAD_00
INTELLIGENCE_00|HEAD_00
CHIEF_00|HEAD_00
LEADER_00|HEAD_00
CHIEF_00|CHIEF_00
LEADER_00|HEAD_00
