expected|predicted
LETTER_00|LETTER_00
LETTER_00|LETTER_00
LETTER_00|LETTER_00
LETTER_00|LETTER_00
CARD_00|MENU_00
CARD_00|MENU_00
LETTER_00|LETTER_00
LETTER_00|CARD_00
LETTER_00|LETTER_00
MENU_00|MENU_00
MENU_00|MENU_00
MENU_00|MENU_00
MENU_00|MENU_00
CARD_00|CARD_00
LETTER_00|LETTER_00
LETTER_00|LETTER_00
LETTER_00|LETTER_00
MENU_00|MENU_00
MENU_00|LETTER_00
CARD_00|CARD_00
LETTER_00|CARD_00
LETTER_00|LETTER_00
LETTER_00|LETTER_00
LETTER_00|CARD_00
LETTER_00|LETTER_00
LETTER_00|LETTER_00
LETTER_00|MENU_00
LETTER_00|LETTER_00
CARD_00|LETTER_00
LETTER_00|LETTER_00
LETTER_00|LETTER_00
LETTER_00|LETTER_00
LETTER_00|MENU_00
LETTER_00|LETTER_00
LETTER_00|MENU_00
CARD_00|LETTER_00
MENU_00|CARD_00
CARD_00|LETTER_00
LETTER_00|LETTER_00
LETTER_00|LETTER_00